especificacion,esquema,institucion,bloque,tipo,stat_type,stat,df,p
binaria,teorica,Gobierno,1 (<=1949),dentro-bloque,chi2,    3.652,  1,   0.0560
binaria,teorica,Gobierno,2 (1950-1964),dentro-bloque,chi2,    3.121,  2,   0.2100
binaria,teorica,Gobierno,3 (1965-1979),dentro-bloque,chi2,    1.179,  2,   0.5546
binaria,teorica,Gobierno,4 (1980-1994),dentro-bloque,chi2,    2.729,  2,   0.2555
binaria,teorica,Gobierno,5 (1995+),dentro-bloque,chi2,    1.161,  2,   0.5597
binaria,teorica,Gobierno,frontera 1-2 (1949/1950),frontera,chi2,    3.610,  1,   0.0574
binaria,teorica,Gobierno,frontera 2-3 (1964/1965),frontera,chi2,    1.026,  1,   0.3111
binaria,teorica,Gobierno,frontera 3-4 (1979/1980),frontera,chi2,    4.203,  1,   0.0404
binaria,teorica,Gobierno,frontera 4-5 (1994/1995),frontera,chi2,    4.804,  1,   0.0284
binaria,importada,Gobierno,frontera Silenciosa/Boomer (1945/1946),frontera,chi2,    0.125,  1,   0.7237
binaria,importada,Gobierno,frontera Boomer/X (1964/1965),frontera,chi2,    0.860,  1,   0.3536
binaria,importada,Gobierno,frontera X/Millennial (1980/1981),frontera,chi2,    2.135,  1,   0.1440
binaria,importada,Gobierno,frontera Millennial/Z (1996/1997),frontera,chi2,    0.886,  1,   0.3465
binaria,balcells,Gobierno,frontera plebiscito 1988 (1970/1971),frontera,chi2,    0.739,  1,   0.3899
binaria,balcells,Gobierno,frontera retorno democracia 1990 (1972/1973),frontera,chi2,    1.537,  1,   0.2151
binaria,teorica,Parlamento,1 (<=1949),dentro-bloque,chi2,    0.120,  1,   0.7286
binaria,teorica,Parlamento,2 (1950-1964),dentro-bloque,chi2,    4.158,  2,   0.1250
binaria,teorica,Parlamento,3 (1965-1979),dentro-bloque,chi2,    1.392,  2,   0.4985
binaria,teorica,Parlamento,4 (1980-1994),dentro-bloque,chi2,    1.059,  2,   0.5889
binaria,teorica,Parlamento,5 (1995+),dentro-bloque,chi2,    4.637,  2,   0.0984
binaria,teorica,Parlamento,frontera 1-2 (1949/1950),frontera,chi2,    0.024,  1,   0.8769
binaria,teorica,Parlamento,frontera 2-3 (1964/1965),frontera,chi2,    0.000,  1,   0.9922
binaria,teorica,Parlamento,frontera 3-4 (1979/1980),frontera,chi2,    0.081,  1,   0.7754
binaria,teorica,Parlamento,frontera 4-5 (1994/1995),frontera,chi2,    0.061,  1,   0.8046
binaria,importada,Parlamento,frontera Silenciosa/Boomer (1945/1946),frontera,chi2,    6.102,  1,   0.0135
binaria,importada,Parlamento,frontera Boomer/X (1964/1965),frontera,chi2,    0.158,  1,   0.6912
binaria,importada,Parlamento,frontera X/Millennial (1980/1981),frontera,chi2,    0.426,  1,   0.5141
binaria,importada,Parlamento,frontera Millennial/Z (1996/1997),frontera,chi2,    2.785,  1,   0.0951
binaria,balcells,Parlamento,frontera plebiscito 1988 (1970/1971),frontera,chi2,    3.364,  1,   0.0667
binaria,balcells,Parlamento,frontera retorno democracia 1990 (1972/1973),frontera,chi2,    0.040,  1,   0.8424
binaria,teorica,Partidos,1 (<=1949),dentro-bloque,chi2,    0.571,  1,   0.4498
binaria,teorica,Partidos,2 (1950-1964),dentro-bloque,chi2,    2.597,  2,   0.2729
binaria,teorica,Partidos,3 (1965-1979),dentro-bloque,chi2,    2.076,  2,   0.3542
binaria,teorica,Partidos,4 (1980-1994),dentro-bloque,chi2,    1.922,  2,   0.3826
binaria,teorica,Partidos,5 (1995+),dentro-bloque,chi2,    1.439,  2,   0.4871
binaria,teorica,Partidos,frontera 1-2 (1949/1950),frontera,chi2,    0.064,  1,   0.7996
binaria,teorica,Partidos,frontera 2-3 (1964/1965),frontera,chi2,    0.149,  1,   0.6999
binaria,teorica,Partidos,frontera 3-4 (1979/1980),frontera,chi2,    0.907,  1,   0.3409
binaria,teorica,Partidos,frontera 4-5 (1994/1995),frontera,chi2,    1.785,  1,   0.1815
binaria,importada,Partidos,frontera Silenciosa/Boomer (1945/1946),frontera,chi2,    2.730,  1,   0.0985
binaria,importada,Partidos,frontera Boomer/X (1964/1965),frontera,chi2,    0.158,  1,   0.6906
binaria,importada,Partidos,frontera X/Millennial (1980/1981),frontera,chi2,    0.060,  1,   0.8064
binaria,importada,Partidos,frontera Millennial/Z (1996/1997),frontera,chi2,    1.150,  1,   0.2835
binaria,balcells,Partidos,frontera plebiscito 1988 (1970/1971),frontera,chi2,    0.833,  1,   0.3614
binaria,balcells,Partidos,frontera retorno democracia 1990 (1972/1973),frontera,chi2,    0.218,  1,   0.6405
binaria,teorica,FF.AA.,1 (<=1949),dentro-bloque,chi2,    2.316,  1,   0.1281
binaria,teorica,FF.AA.,2 (1950-1964),dentro-bloque,chi2,    0.279,  2,   0.8697
binaria,teorica,FF.AA.,3 (1965-1979),dentro-bloque,chi2,    3.350,  2,   0.1873
binaria,teorica,FF.AA.,4 (1980-1994),dentro-bloque,chi2,    0.465,  2,   0.7924
binaria,teorica,FF.AA.,5 (1995+),dentro-bloque,chi2,    1.055,  2,   0.5901
binaria,teorica,FF.AA.,frontera 1-2 (1949/1950),frontera,chi2,    4.745,  1,   0.0294
binaria,teorica,FF.AA.,frontera 2-3 (1964/1965),frontera,chi2,    0.000,  1,   0.9910
binaria,teorica,FF.AA.,frontera 3-4 (1979/1980),frontera,chi2,    0.451,  1,   0.5019
binaria,teorica,FF.AA.,frontera 4-5 (1994/1995),frontera,chi2,   15.085,  1,   0.0001
binaria,importada,FF.AA.,frontera Silenciosa/Boomer (1945/1946),frontera,chi2,    0.550,  1,   0.4584
binaria,importada,FF.AA.,frontera Boomer/X (1964/1965),frontera,chi2,    0.004,  1,   0.9490
binaria,importada,FF.AA.,frontera X/Millennial (1980/1981),frontera,chi2,    0.017,  1,   0.8971
binaria,importada,FF.AA.,frontera Millennial/Z (1996/1997),frontera,chi2,    1.867,  1,   0.1719
binaria,balcells,FF.AA.,frontera plebiscito 1988 (1970/1971),frontera,chi2,    8.698,  1,   0.0032
binaria,balcells,FF.AA.,frontera retorno democracia 1990 (1972/1973),frontera,chi2,    2.273,  1,   0.1317
binaria,teorica,Iglesia,1 (<=1949),dentro-bloque,chi2,    1.628,  1,   0.2020
binaria,teorica,Iglesia,2 (1950-1964),dentro-bloque,chi2,    0.015,  2,   0.9928
binaria,teorica,Iglesia,3 (1965-1979),dentro-bloque,chi2,    1.390,  2,   0.4991
binaria,teorica,Iglesia,4 (1980-1994),dentro-bloque,chi2,    0.726,  2,   0.6955
binaria,teorica,Iglesia,5 (1995+),dentro-bloque,chi2,    7.453,  2,   0.0241
binaria,teorica,Iglesia,frontera 1-2 (1949/1950),frontera,chi2,    0.541,  1,   0.4620
binaria,teorica,Iglesia,frontera 2-3 (1964/1965),frontera,chi2,    0.310,  1,   0.5775
binaria,teorica,Iglesia,frontera 3-4 (1979/1980),frontera,chi2,    0.171,  1,   0.6790
binaria,teorica,Iglesia,frontera 4-5 (1994/1995),frontera,chi2,    0.394,  1,   0.5305
binaria,importada,Iglesia,frontera Silenciosa/Boomer (1945/1946),frontera,chi2,    1.097,  1,   0.2948
binaria,importada,Iglesia,frontera Boomer/X (1964/1965),frontera,chi2,    0.339,  1,   0.5602
binaria,importada,Iglesia,frontera X/Millennial (1980/1981),frontera,chi2,    0.351,  1,   0.5538
binaria,importada,Iglesia,frontera Millennial/Z (1996/1997),frontera,chi2,    0.154,  1,   0.6943
binaria,balcells,Iglesia,frontera plebiscito 1988 (1970/1971),frontera,chi2,    0.212,  1,   0.6455
binaria,balcells,Iglesia,frontera retorno democracia 1990 (1972/1973),frontera,chi2,    1.846,  1,   0.1742
zscore,teorica,Gobierno,1 (<=1949),dentro-bloque,chi2,   13.038,  1,   0.0003
zscore,teorica,Gobierno,2 (1950-1964),dentro-bloque,chi2,   23.210,  2,   0.0000
zscore,teorica,Gobierno,3 (1965-1979),dentro-bloque,chi2,    4.959,  2,   0.0838
zscore,teorica,Gobierno,4 (1980-1994),dentro-bloque,chi2,    7.597,  2,   0.0224
zscore,teorica,Gobierno,5 (1995+),dentro-bloque,chi2,    8.676,  2,   0.0131
zscore,teorica,Gobierno,frontera 1-2 (1949/1950),frontera,chi2,    0.896,  1,   0.3440
zscore,teorica,Gobierno,frontera 2-3 (1964/1965),frontera,chi2,    0.879,  1,   0.3486
zscore,teorica,Gobierno,frontera 3-4 (1979/1980),frontera,chi2,    1.852,  1,   0.1736
zscore,teorica,Gobierno,frontera 4-5 (1994/1995),frontera,chi2,   17.404,  1,   0.0000
zscore,importada,Gobierno,frontera Silenciosa/Boomer (1945/1946),frontera,chi2,    4.734,  1,   0.0296
zscore,importada,Gobierno,frontera Boomer/X (1964/1965),frontera,chi2,    0.833,  1,   0.3613
zscore,importada,Gobierno,frontera X/Millennial (1980/1981),frontera,chi2,    1.888,  1,   0.1694
zscore,importada,Gobierno,frontera Millennial/Z (1996/1997),frontera,chi2,    0.892,  1,   0.3449
zscore,balcells,Gobierno,frontera plebiscito 1988 (1970/1971),frontera,chi2,    2.105,  1,   0.1468
zscore,balcells,Gobierno,frontera retorno democracia 1990 (1972/1973),frontera,chi2,    0.945,  1,   0.3309
zscore,teorica,Parlamento,1 (<=1949),dentro-bloque,chi2,   16.326,  1,   0.0001
zscore,teorica,Parlamento,2 (1950-1964),dentro-bloque,chi2,   22.643,  2,   0.0000
zscore,teorica,Parlamento,3 (1965-1979),dentro-bloque,chi2,    6.582,  2,   0.0372
zscore,teorica,Parlamento,4 (1980-1994),dentro-bloque,chi2,    3.431,  2,   0.1798
zscore,teorica,Parlamento,5 (1995+),dentro-bloque,chi2,   24.555,  2,   0.0000
zscore,teorica,Parlamento,frontera 1-2 (1949/1950),frontera,chi2,    1.473,  1,   0.2249
zscore,teorica,Parlamento,frontera 2-3 (1964/1965),frontera,chi2,    0.036,  1,   0.8488
zscore,teorica,Parlamento,frontera 3-4 (1979/1980),frontera,chi2,    2.145,  1,   0.1431
zscore,teorica,Parlamento,frontera 4-5 (1994/1995),frontera,chi2,    8.611,  1,   0.0033
zscore,importada,Parlamento,frontera Silenciosa/Boomer (1945/1946),frontera,chi2,    0.307,  1,   0.5793
zscore,importada,Parlamento,frontera Boomer/X (1964/1965),frontera,chi2,    0.055,  1,   0.8146
zscore,importada,Parlamento,frontera X/Millennial (1980/1981),frontera,chi2,    0.102,  1,   0.7497
zscore,importada,Parlamento,frontera Millennial/Z (1996/1997),frontera,chi2,    3.843,  1,   0.0500
zscore,balcells,Parlamento,frontera plebiscito 1988 (1970/1971),frontera,chi2,    8.960,  1,   0.0028
zscore,balcells,Parlamento,frontera retorno democracia 1990 (1972/1973),frontera,chi2,    1.734,  1,   0.1879
zscore,teorica,Partidos,1 (<=1949),dentro-bloque,chi2,    4.962,  1,   0.0259
zscore,teorica,Partidos,2 (1950-1964),dentro-bloque,chi2,    6.010,  2,   0.0495
zscore,teorica,Partidos,3 (1965-1979),dentro-bloque,chi2,   15.485,  2,   0.0004
zscore,teorica,Partidos,4 (1980-1994),dentro-bloque,chi2,    0.677,  2,   0.7127
zscore,teorica,Partidos,5 (1995+),dentro-bloque,chi2,   13.836,  2,   0.0010
zscore,teorica,Partidos,frontera 1-2 (1949/1950),frontera,chi2,    3.895,  1,   0.0484
zscore,teorica,Partidos,frontera 2-3 (1964/1965),frontera,chi2,    0.000,  1,   0.9931
zscore,teorica,Partidos,frontera 3-4 (1979/1980),frontera,chi2,    1.092,  1,   0.2960
zscore,teorica,Partidos,frontera 4-5 (1994/1995),frontera,chi2,   18.646,  1,   0.0000
zscore,importada,Partidos,frontera Silenciosa/Boomer (1945/1946),frontera,chi2,    1.385,  1,   0.2393
zscore,importada,Partidos,frontera Boomer/X (1964/1965),frontera,chi2,    0.001,  1,   0.9692
zscore,importada,Partidos,frontera X/Millennial (1980/1981),frontera,chi2,    0.002,  1,   0.9637
zscore,importada,Partidos,frontera Millennial/Z (1996/1997),frontera,chi2,    6.254,  1,   0.0124
zscore,balcells,Partidos,frontera plebiscito 1988 (1970/1971),frontera,chi2,    2.444,  1,   0.1180
zscore,balcells,Partidos,frontera retorno democracia 1990 (1972/1973),frontera,chi2,    0.467,  1,   0.4943
zscore,teorica,FF.AA.,1 (<=1949),dentro-bloque,chi2,    3.966,  1,   0.0464
zscore,teorica,FF.AA.,2 (1950-1964),dentro-bloque,chi2,    8.066,  2,   0.0177
zscore,teorica,FF.AA.,3 (1965-1979),dentro-bloque,chi2,    5.069,  2,   0.0793
zscore,teorica,FF.AA.,4 (1980-1994),dentro-bloque,chi2,    1.451,  2,   0.4841
zscore,teorica,FF.AA.,5 (1995+),dentro-bloque,chi2,    1.316,  2,   0.5178
zscore,teorica,FF.AA.,frontera 1-2 (1949/1950),frontera,chi2,    1.470,  1,   0.2254
zscore,teorica,FF.AA.,frontera 2-3 (1964/1965),frontera,chi2,    1.114,  1,   0.2912
zscore,teorica,FF.AA.,frontera 3-4 (1979/1980),frontera,chi2,    0.136,  1,   0.7127
zscore,teorica,FF.AA.,frontera 4-5 (1994/1995),frontera,chi2,   18.855,  1,   0.0000
zscore,importada,FF.AA.,frontera Silenciosa/Boomer (1945/1946),frontera,chi2,    0.025,  1,   0.8734
zscore,importada,FF.AA.,frontera Boomer/X (1964/1965),frontera,chi2,    1.119,  1,   0.2901
zscore,importada,FF.AA.,frontera X/Millennial (1980/1981),frontera,chi2,    0.073,  1,   0.7865
zscore,importada,FF.AA.,frontera Millennial/Z (1996/1997),frontera,chi2,    2.649,  1,   0.1036
zscore,balcells,FF.AA.,frontera plebiscito 1988 (1970/1971),frontera,chi2,    0.239,  1,   0.6249
zscore,balcells,FF.AA.,frontera retorno democracia 1990 (1972/1973),frontera,chi2,    1.788,  1,   0.1811
zscore,teorica,Iglesia,1 (<=1949),dentro-bloque,chi2,    6.610,  1,   0.0101
zscore,teorica,Iglesia,2 (1950-1964),dentro-bloque,chi2,    0.907,  2,   0.6355
zscore,teorica,Iglesia,3 (1965-1979),dentro-bloque,chi2,    2.980,  2,   0.2254
zscore,teorica,Iglesia,4 (1980-1994),dentro-bloque,chi2,    0.041,  2,   0.9797
zscore,teorica,Iglesia,5 (1995+),dentro-bloque,chi2,    2.083,  2,   0.3530
zscore,teorica,Iglesia,frontera 1-2 (1949/1950),frontera,chi2,    0.007,  1,   0.9329
zscore,teorica,Iglesia,frontera 2-3 (1964/1965),frontera,chi2,    0.586,  1,   0.4440
zscore,teorica,Iglesia,frontera 3-4 (1979/1980),frontera,chi2,    0.763,  1,   0.3825
zscore,teorica,Iglesia,frontera 4-5 (1994/1995),frontera,chi2,    0.238,  1,   0.6258
zscore,importada,Iglesia,frontera Silenciosa/Boomer (1945/1946),frontera,chi2,    4.095,  1,   0.0430
zscore,importada,Iglesia,frontera Boomer/X (1964/1965),frontera,chi2,    0.654,  1,   0.4188
zscore,importada,Iglesia,frontera X/Millennial (1980/1981),frontera,chi2,    0.012,  1,   0.9145
zscore,importada,Iglesia,frontera Millennial/Z (1996/1997),frontera,chi2,    3.642,  1,   0.0563
zscore,balcells,Iglesia,frontera plebiscito 1988 (1970/1971),frontera,chi2,    0.382,  1,   0.5364
zscore,balcells,Iglesia,frontera retorno democracia 1990 (1972/1973),frontera,chi2,    1.796,  1,   0.1802
ordinal,teorica,Gobierno,1 (<=1949),dentro-bloque,chi2,    6.945,  1,   0.0084
ordinal,teorica,Gobierno,2 (1950-1964),dentro-bloque,chi2,   13.074,  2,   0.0014
ordinal,teorica,Gobierno,3 (1965-1979),dentro-bloque,chi2,    5.585,  2,   0.0613
ordinal,teorica,Gobierno,4 (1980-1994),dentro-bloque,chi2,   12.882,  2,   0.0016
ordinal,teorica,Gobierno,5 (1995+),dentro-bloque,chi2,   14.252,  2,   0.0008
ordinal,teorica,Gobierno,frontera 1-2 (1949/1950),frontera,chi2,    0.132,  1,   0.7163
ordinal,teorica,Gobierno,frontera 2-3 (1964/1965),frontera,chi2,    0.767,  1,   0.3811
ordinal,teorica,Gobierno,frontera 3-4 (1979/1980),frontera,chi2,    1.077,  1,   0.2993
ordinal,teorica,Gobierno,frontera 4-5 (1994/1995),frontera,chi2,   10.661,  1,   0.0011
ordinal,importada,Gobierno,frontera Silenciosa/Boomer (1945/1946),frontera,chi2,    5.350,  1,   0.0207
ordinal,importada,Gobierno,frontera Boomer/X (1964/1965),frontera,chi2,    0.573,  1,   0.4491
ordinal,importada,Gobierno,frontera X/Millennial (1980/1981),frontera,chi2,    2.533,  1,   0.1115
ordinal,importada,Gobierno,frontera Millennial/Z (1996/1997),frontera,chi2,    0.896,  1,   0.3438
ordinal,balcells,Gobierno,frontera plebiscito 1988 (1970/1971),frontera,chi2,    3.358,  1,   0.0669
ordinal,balcells,Gobierno,frontera retorno democracia 1990 (1972/1973),frontera,chi2,    2.021,  1,   0.1552
ordinal,teorica,Parlamento,1 (<=1949),dentro-bloque,chi2,    5.474,  1,   0.0193
ordinal,teorica,Parlamento,2 (1950-1964),dentro-bloque,chi2,   13.205,  2,   0.0014
ordinal,teorica,Parlamento,3 (1965-1979),dentro-bloque,chi2,   17.015,  2,   0.0002
ordinal,teorica,Parlamento,4 (1980-1994),dentro-bloque,chi2,   10.630,  2,   0.0049
ordinal,teorica,Parlamento,5 (1995+),dentro-bloque,chi2,   24.898,  2,   0.0000
ordinal,teorica,Parlamento,frontera 1-2 (1949/1950),frontera,chi2,    0.481,  1,   0.4880
ordinal,teorica,Parlamento,frontera 2-3 (1964/1965),frontera,chi2,    0.116,  1,   0.7332
ordinal,teorica,Parlamento,frontera 3-4 (1979/1980),frontera,chi2,    0.425,  1,   0.5144
ordinal,teorica,Parlamento,frontera 4-5 (1994/1995),frontera,chi2,   14.177,  1,   0.0002
ordinal,importada,Parlamento,frontera Silenciosa/Boomer (1945/1946),frontera,chi2,    0.008,  1,   0.9299
ordinal,importada,Parlamento,frontera Boomer/X (1964/1965),frontera,chi2,    0.040,  1,   0.8411
ordinal,importada,Parlamento,frontera X/Millennial (1980/1981),frontera,chi2,    0.200,  1,   0.6550
ordinal,importada,Parlamento,frontera Millennial/Z (1996/1997),frontera,chi2,    1.880,  1,   0.1704
ordinal,balcells,Parlamento,frontera plebiscito 1988 (1970/1971),frontera,chi2,   10.414,  1,   0.0013
ordinal,balcells,Parlamento,frontera retorno democracia 1990 (1972/1973),frontera,chi2,    0.919,  1,   0.3378
ordinal,teorica,Partidos,1 (<=1949),dentro-bloque,chi2,    2.276,  1,   0.1314
ordinal,teorica,Partidos,2 (1950-1964),dentro-bloque,chi2,    6.874,  2,   0.0322
ordinal,teorica,Partidos,3 (1965-1979),dentro-bloque,chi2,   15.943,  2,   0.0003
ordinal,teorica,Partidos,4 (1980-1994),dentro-bloque,chi2,    3.908,  2,   0.1417
ordinal,teorica,Partidos,5 (1995+),dentro-bloque,chi2,   22.728,  2,   0.0000
ordinal,teorica,Partidos,frontera 1-2 (1949/1950),frontera,chi2,    3.414,  1,   0.0647
ordinal,teorica,Partidos,frontera 2-3 (1964/1965),frontera,chi2,    0.498,  1,   0.4804
ordinal,teorica,Partidos,frontera 3-4 (1979/1980),frontera,chi2,    0.000,  1,   0.9937
ordinal,teorica,Partidos,frontera 4-5 (1994/1995),frontera,chi2,   21.393,  1,   0.0000
ordinal,importada,Partidos,frontera Silenciosa/Boomer (1945/1946),frontera,chi2,    0.712,  1,   0.3987
ordinal,importada,Partidos,frontera Boomer/X (1964/1965),frontera,chi2,    0.191,  1,   0.6622
ordinal,importada,Partidos,frontera X/Millennial (1980/1981),frontera,chi2,    0.001,  1,   0.9742
ordinal,importada,Partidos,frontera Millennial/Z (1996/1997),frontera,chi2,    5.777,  1,   0.0162
ordinal,balcells,Partidos,frontera plebiscito 1988 (1970/1971),frontera,chi2,    1.485,  1,   0.2230
ordinal,balcells,Partidos,frontera retorno democracia 1990 (1972/1973),frontera,chi2,    0.498,  1,   0.4804
ordinal,teorica,FF.AA.,1 (<=1949),dentro-bloque,chi2,    1.146,  1,   0.2844
ordinal,teorica,FF.AA.,2 (1950-1964),dentro-bloque,chi2,    1.237,  2,   0.5389
ordinal,teorica,FF.AA.,3 (1965-1979),dentro-bloque,chi2,    7.140,  2,   0.0282
ordinal,teorica,FF.AA.,4 (1980-1994),dentro-bloque,chi2,    0.150,  2,   0.9276
ordinal,teorica,FF.AA.,5 (1995+),dentro-bloque,chi2,    1.662,  2,   0.4357
ordinal,teorica,FF.AA.,frontera 1-2 (1949/1950),frontera,chi2,    3.469,  1,   0.0625
ordinal,teorica,FF.AA.,frontera 2-3 (1964/1965),frontera,chi2,    0.009,  1,   0.9253
ordinal,teorica,FF.AA.,frontera 3-4 (1979/1980),frontera,chi2,    2.061,  1,   0.1511
ordinal,teorica,FF.AA.,frontera 4-5 (1994/1995),frontera,chi2,   27.133,  1,   0.0000
ordinal,importada,FF.AA.,frontera Silenciosa/Boomer (1945/1946),frontera,chi2,    0.006,  1,   0.9365
ordinal,importada,FF.AA.,frontera Boomer/X (1964/1965),frontera,chi2,    0.204,  1,   0.6516
ordinal,importada,FF.AA.,frontera X/Millennial (1980/1981),frontera,chi2,    0.000,  1,   0.9829
ordinal,importada,FF.AA.,frontera Millennial/Z (1996/1997),frontera,chi2,    2.047,  1,   0.1525
ordinal,balcells,FF.AA.,frontera plebiscito 1988 (1970/1971),frontera,chi2,    0.614,  1,   0.4333
ordinal,balcells,FF.AA.,frontera retorno democracia 1990 (1972/1973),frontera,chi2,    2.319,  1,   0.1278
ordinal,teorica,Iglesia,1 (<=1949),dentro-bloque,chi2,    3.209,  1,   0.0732
ordinal,teorica,Iglesia,2 (1950-1964),dentro-bloque,chi2,    0.185,  2,   0.9118
ordinal,teorica,Iglesia,3 (1965-1979),dentro-bloque,chi2,    6.076,  2,   0.0479
ordinal,teorica,Iglesia,4 (1980-1994),dentro-bloque,chi2,    1.391,  2,   0.4988
ordinal,teorica,Iglesia,5 (1995+),dentro-bloque,chi2,    2.867,  2,   0.2384
ordinal,teorica,Iglesia,frontera 1-2 (1949/1950),frontera,chi2,    0.109,  1,   0.7411
ordinal,teorica,Iglesia,frontera 2-3 (1964/1965),frontera,chi2,    0.000,  1,   0.9847
ordinal,teorica,Iglesia,frontera 3-4 (1979/1980),frontera,chi2,    0.035,  1,   0.8510
ordinal,teorica,Iglesia,frontera 4-5 (1994/1995),frontera,chi2,    1.866,  1,   0.1719
ordinal,importada,Iglesia,frontera Silenciosa/Boomer (1945/1946),frontera,chi2,    4.168,  1,   0.0412
ordinal,importada,Iglesia,frontera Boomer/X (1964/1965),frontera,chi2,    0.012,  1,   0.9139
ordinal,importada,Iglesia,frontera X/Millennial (1980/1981),frontera,chi2,    0.060,  1,   0.8068
ordinal,importada,Iglesia,frontera Millennial/Z (1996/1997),frontera,chi2,    3.097,  1,   0.0784
ordinal,balcells,Iglesia,frontera plebiscito 1988 (1970/1971),frontera,chi2,    0.612,  1,   0.4339
ordinal,balcells,Iglesia,frontera retorno democracia 1990 (1972/1973),frontera,chi2,    1.376,  1,   0.2408
